{
    "Bad": 2.1604938271604937,
    "Excellent": 0.5995717344753747,
    "Good": 1.3671875,
    "Very bad": 2.6717557251908395,
    "Very good": 0.5670311867152693
}